crop_id,name_ko,name_en,category,category_order,has_scenarios,kc_ini,kc_mid,kc_end,kc_ini_2,kc_mid_2,kc_end_2,kc_ini_3,kc_mid_3,kc_end_3,kc_ini_4,kc_mid_4,kc_end_4,L_ini,L_dev,L_mid,L_late,h_m,zr,p,note
apple,사과,Apple,과수,1,1,0.45,0.95,0.70,0.60,0.95,0.75,0.50,1.20,0.95,0.80,1.20,0.85,20,70,90,30,3.2,1.0,0.5,FAO-56 Table12 Apples/Cherries/Pears 4시나리오. 한국 사과원 대개 3번(초생재배·서리).
pear,배,Pear,과수,1,1,0.45,0.95,0.70,0.60,0.95,0.75,0.50,1.20,0.95,0.80,1.20,0.85,20,70,90,30,4.0,1.0,0.5,사과와 동일 시나리오 표.
cherry,체리,Cherry,과수,1,1,0.45,0.95,0.70,0.60,0.95,0.75,0.50,1.20,0.95,0.80,1.20,0.85,20,70,90,30,3.5,1.0,0.5,사과와 동일 시나리오 표.
citrus,감귤,Citrus,과수,1,0,0.70,0.65,0.70,,,,,,,,,,60,90,120,95,3.5,1.2,0.5,캐노피 피복률 70% 기준(FAO-56 Table12). 20%/50% 조건은 별도값 필요.
almond,아몬드,Almond,과수,1,0,0.40,0.90,0.65,,,,,,,,,,20,70,90,30,5.0,1.0,0.4,잎이 빨리 지므로 Kc_end가 낮음.
olive,올리브,Olive,과수,1,0,0.65,0.70,0.70,,,,,,,,,,30,90,60,90,3.5,1.2,0.65,캐노피 피복률 40~60% 기준.
grape,포도,Grape,포도베리,2,0,0.30,0.85,0.45,,,,,,,,,,20,50,75,60,2.0,1.0,0.45,와인용 포도. 식용은 Kc_mid 0.85 대신 다른 값.
strawberry,딸기,Strawberry,포도베리,2,0,0.40,0.85,0.75,,,,,,,,,,,,,,,0.2,0.2,0.2
blueberry,블루베리,Blueberry,포도베리,2,0,0.30,1.05,0.50,,,,,,,,,,,,,,,0.6,0.5,1.5
tomato,토마토,Tomato,가지과,3,0,0.60,1.15,0.70,0.60,1.15,0.80,,,,,,,,30,40,40,25,0.7,0.4,0.6
pepper,고추,Pepper,가지과,3,0,0.60,1.15,0.90,,,,,,,,,,30,40,110,30,0.7,0.5,0.3,신선/건조.
eggplant,가지,Eggplant,가지과,3,0,0.60,1.15,0.90,,,,,,,,,,30,40,40,20,0.8,0.7,0.45,
cucumber,오이,Cucumber,박과,4,0,0.60,1.05,0.75,,,,,,,,,,20,30,40,15,0.3,0.7,0.5,신선 시장 기준. 가공용은 Kc_end 0.50.
watermelon,수박,Watermelon,박과,4,0,0.40,1.00,0.75,,,,,,,,,,20,30,30,30,0.4,0.8,0.4,
melon,멜론,Melon,박과,4,0,0.50,1.05,0.75,,,,,,,,,,25,35,40,20,0.4,0.8,0.4,
pumpkin,호박,Pumpkin,박과,4,0,0.50,1.00,0.80,,,,,,,,,,20,30,30,20,0.4,1.0,0.35,겨울호박(winter squash) 기준.
cabbage,양배추,Cabbage,소채류,5,0,0.70,1.05,0.95,,,,,,,,,,40,60,50,15,0.4,0.5,0.45,FAO-56 Table12 Cabbage. 한국 김치배추는 실측 검증 권장.
kimchi_cabbage,김치배추,Kimchi Cabbage,소채류,5,0,0.70,1.05,0.95,,,,,,,,,,25,30,25,10,0.4,0.5,0.45,양배추 값 임시 적용. 태백 실측 데이터로 보정 예정.
broccoli,브로콜리,Broccoli,소채류,5,0,0.70,1.05,0.95,,,,,,,,,,35,45,40,15,0.4,0.4,0.45,
lettuce,상추,Lettuce,소채류,5,0,0.70,1.00,0.95,,,,,,,,,,20,30,15,10,0.3,0.3,0.3,
spinach,시금치,Spinach,소채류,5,0,0.70,1.00,0.95,,,,,,,,,,20,20,15,5,0.3,0.3,0.2,
onion,양파,Onion,소채류,5,0,0.70,1.05,0.75,,,,,,,,,,15,25,70,40,0.4,0.3,0.3,건조 저장용. 신선용은 다름.
potato,감자,Potato,근채류,6,0,0.50,1.15,0.75,,,,,,,,,,25,30,45,30,0.6,0.4,0.35,
sweet_potato,고구마,Sweet Potato,근채류,6,0,0.50,1.15,0.65,,,,,,,,,,20,30,60,40,0.4,1.0,0.65,
radish,무,Radish,근채류,6,0,0.70,0.90,0.85,,,,,,,,,,5,10,15,5,0.3,0.3,0.3,단기간 재배.
sugar_beet,사탕무,Sugar Beet,근채류,6,0,0.35,1.20,0.70,,,,,,,,,,30,45,90,15,0.5,0.7,0.55,
carrot,당근,Carrot,근채류,6,0,0.70,1.05,0.95,,,,,,,,,,20,30,50,20,0.3,0.5,0.35,
soybean,콩,Soybean,두과,7,0,0.40,1.15,0.50,,,,,,,,,,15,15,40,15,1.0,0.6,0.5,대두.
pea,완두,Pea,두과,7,0,0.50,1.15,1.10,,,,,,,,,,20,30,35,15,0.5,0.6,0.35,신선 완두. 건조는 Kc_end 0.30.
chickpea,병아리콩,Chickpea,두과,7,0,0.40,1.00,0.35,,,,,,,,,,20,30,40,20,0.4,0.6,0.5,
green_bean,강낭콩,Green Bean,두과,7,0,0.50,1.05,0.90,,,,,,,,,,20,30,30,10,0.4,0.5,0.45,
asparagus,아스파라거스,Asparagus,다년생채소,8,0,0.50,0.95,0.30,,,,,,,,,,50,30,100,50,0.5,1.2,0.45,
artichoke,아티초크,Artichoke,다년생채소,8,0,0.50,1.00,0.95,,,,,,,,,,40,40,250,30,0.9,0.6,0.45,
rice,벼,Rice,곡류,9,0,1.05,1.20,0.75,,,,,,,,,,30,30,60,30,1.0,0.5,0.2,담수 재배 특성상 Kc_ini가 높음.
barley,보리,Barley,곡류,9,0,0.30,1.15,0.25,,,,,,,,,,15,25,50,30,1.0,1.0,0.55,겨울 재배.
wheat,밀,Wheat,곡류,9,0,0.30,1.15,0.40,,,,,,,,,,15,25,50,30,1.0,1.5,0.55,겨울 밀 기준.
maize,옥수수,Maize,곡류,9,0,0.30,1.20,0.35,,,,,,,,,,20,35,40,30,2.0,1.0,0.55,사료용. 감미종은 Kc_end 1.05.
sorghum,수수,Sorghum,곡류,9,0,0.30,1.05,0.55,,,,,,,,,,20,35,40,30,1.5,1.0,0.55,
banana,바나나,Banana,열대작물,10,0,0.50,1.10,1.00,,,,,,,,,,120,90,120,60,3.0,0.5,0.35,1년차 기준. 2년차 이후 다름.
coffee,커피,Coffee,열대작물,10,0,0.90,0.95,0.95,,,,,,,,,,,,,,,0.9,0.4,2.5
pineapple,파인애플,Pineapple,열대작물,10,0,0.50,0.30,0.30,,,,,,,,,,60,120,600,10,1.2,0.3,0.5,다년생 CAM 식물이라 낮음.
cotton,목화,Cotton,섬유작물,11,0,0.35,1.15,0.60,,,,,,,,,,30,50,60,55,1.35,1.0,0.65,
sunflower,해바라기,Sunflower,유지작물,12,0,0.35,1.15,0.35,,,,,,,,,,25,35,45,25,2.0,0.8,0.45,
sesame,참깨,Sesame,유지작물,12,0,0.35,1.10,0.25,,,,,,,,,,20,30,40,20,1.0,1.0,0.6,
rapeseed,유채,Rapeseed,유지작물,12,0,0.35,1.10,0.35,,,,,,,,,,25,35,55,30,0.6,1.0,0.6,
sugarcane,사탕수수,Sugarcane,사탕수수,13,0,0.40,1.25,0.75,,,,,,,,,,50,70,220,140,3.0,1.2,0.65,
alfalfa,알팔파,Alfalfa,목초,14,0,0.40,0.95,0.90,,,,,,,,,,10,30,25,10,0.7,1.0,0.55,다년생. 예초 사이 값.
turfgrass_cool,잔디(한지형),Cool-season Turf,목초,14,0,0.90,0.95,0.95,,,,,,,,,,,,,,,0.5,0.4,0.1
turfgrass_warm,잔디(난지형),Warm-season Turf,목초,14,0,0.80,0.85,0.85,,,,,,,,,,,,,,,0.5,0.5,0.1
cattail,부들,Cattail,습지식물,15,0,1.00,1.20,1.00,,,,,,,,,,10,30,80,20,2.0,0.6,0.5,
reed,갈대,Reed,습지식물,15,0,1.00,1.20,1.00,,,,,,,,,,10,30,80,20,3.0,0.6,0.5,
