stn,year,kind,run_name,lead_day,month,n,rmse,mbe,obs_mean
101,2025,cum3,아침,0,0,178,1.98977,0.01306,10.72416
101,2025,cum3,아침,0,4,30,1.27388,0.48480,9.38020
101,2025,cum3,아침,0,5,31,1.85304,1.62124,9.96537
101,2025,cum3,아침,0,6,25,2.25177,-0.40902,12.23291
101,2025,cum3,아침,0,7,31,2.93071,-0.58808,13.55236
101,2025,cum3,아침,0,8,31,2.06767,-1.37502,11.27717
101,2025,cum3,아침,0,9,30,0.89530,0.28680,8.10099
101,2025,cum3,저녁,1,0,178,2.01082,0.04394,10.71180
101,2025,cum3,저녁,1,4,29,1.26455,0.51891,9.41123
101,2025,cum3,저녁,1,5,31,1.86477,1.62698,9.96537
101,2025,cum3,저녁,1,6,25,2.27501,-0.37195,12.23291
101,2025,cum3,저녁,1,7,31,2.99399,-0.48187,13.55236
101,2025,cum3,저녁,1,8,31,2.06360,-1.38710,11.27717
101,2025,cum3,저녁,1,9,30,0.91616,0.28437,8.10099
101,2025,cum3,저녁,1,10,1,1.04135,1.04135,6.28041
101,2025,day,아침,0,0,180,0.85187,-0.02094,3.59198
101,2025,day,아침,0,4,30,0.51531,0.17623,3.15289
101,2025,day,아침,0,5,31,0.72767,0.49519,3.26771
101,2025,day,아침,0,6,27,0.87653,-0.09348,4.10209
101,2025,day,아침,0,7,31,1.19219,-0.34061,4.50212
101,2025,day,아침,0,8,31,0.99731,-0.42869,3.84074
101,2025,day,아침,0,9,30,0.59449,0.06549,2.70955
101,2025,day,아침,1,0,180,0.94783,-0.03016,3.58702
101,2025,day,아침,1,4,29,0.53590,0.12552,3.15707
101,2025,day,아침,1,5,31,0.83352,0.53394,3.26771
101,2025,day,아침,1,6,27,1.02381,-0.07090,4.10209
101,2025,day,아침,1,7,31,1.27035,-0.29696,4.50212
101,2025,day,아침,1,8,31,1.17133,-0.55274,3.84074
101,2025,day,아침,1,9,30,0.59633,0.06914,2.70955
101,2025,day,아침,1,10,1,0.56074,0.56074,2.13748
101,2025,day,아침,2,0,180,1.04317,0.05237,3.58642
101,2025,day,아침,2,4,28,0.54797,0.07010,3.17835
101,2025,day,아침,2,5,31,1.01482,0.63719,3.26771
101,2025,day,아침,2,6,27,1.20381,-0.01655,4.10209
101,2025,day,아침,2,7,31,1.37169,-0.11847,4.50212
101,2025,day,아침,2,8,31,1.19977,-0.43601,3.84074
101,2025,day,아침,2,9,30,0.66108,0.16892,2.70955
101,2025,day,아침,2,10,2,0.42136,0.13903,2.29534
101,2025,day,아침,3,0,180,1.19035,0.12387,3.57976
101,2025,day,아침,3,4,27,0.68604,0.15209,3.18912
101,2025,day,아침,3,5,31,1.17720,0.77021,3.26771
101,2025,day,아침,3,6,27,1.51183,0.09911,4.10209
101,2025,day,아침,3,7,31,1.49445,-0.01041,4.50212
101,2025,day,아침,3,8,31,1.26889,-0.43072,3.84074
101,2025,day,아침,3,9,30,0.77415,0.15879,2.70955
101,2025,day,아침,3,10,3,0.42567,0.18337,2.09347
101,2025,day,저녁,1,0,180,0.84920,0.00561,3.58702
101,2025,day,저녁,1,4,29,0.51648,0.19077,3.15707
101,2025,day,저녁,1,5,31,0.73482,0.49899,3.26771
101,2025,day,저녁,1,6,27,0.87959,-0.06125,4.10209
101,2025,day,저녁,1,7,31,1.18663,-0.28639,4.50212
101,2025,day,저녁,1,8,31,0.98408,-0.40612,3.84074
101,2025,day,저녁,1,9,30,0.59239,0.08790,2.70955
101,2025,day,저녁,1,10,1,0.49282,0.49282,2.13748
101,2025,day,저녁,2,0,180,0.96007,0.00268,3.58642
101,2025,day,저녁,2,4,28,0.53535,0.15099,3.17835
101,2025,day,저녁,2,5,31,0.86071,0.56380,3.26771
101,2025,day,저녁,2,6,27,1.04803,-0.03447,4.10209
101,2025,day,저녁,2,7,31,1.29236,-0.20684,4.50212
101,2025,day,저녁,2,8,31,1.17429,-0.53669,3.84074
101,2025,day,저녁,2,9,30,0.58870,0.08087,2.70955
101,2025,day,저녁,2,10,2,0.41533,0.16563,2.29534
101,2025,day,저녁,3,0,180,1.05771,0.02282,3.57976
101,2025,day,저녁,3,4,27,0.54744,0.06579,3.18912
101,2025,day,저녁,3,5,31,1.00390,0.60548,3.26771
101,2025,day,저녁,3,6,27,1.22568,-0.06324,4.10209
101,2025,day,저녁,3,7,31,1.39806,-0.14415,4.50212
101,2025,day,저녁,3,8,31,1.23171,-0.49329,3.84074
101,2025,day,저녁,3,9,30,0.65702,0.13360,2.70955
101,2025,day,저녁,3,10,3,0.54979,0.34012,2.09347
101,2025,day,저녁,4,0,180,1.19072,0.08743,3.57456
101,2025,day,저녁,4,4,26,0.69132,0.14725,3.19547
101,2025,day,저녁,4,5,31,1.15371,0.73464,3.26771
101,2025,day,저녁,4,6,27,1.51737,0.05560,4.10209
101,2025,day,저녁,4,7,31,1.49569,-0.05330,4.50212
101,2025,day,저녁,4,8,31,1.29016,-0.48332,3.84074
101,2025,day,저녁,4,9,30,0.77084,0.13057,2.70955
101,2025,day,저녁,4,10,4,0.37965,0.08799,2.09196
101,2026,cum3,아침,0,0,160,1.92155,-0.76505,11.88290
101,2026,cum3,아침,0,4,29,1.64051,-0.88114,10.61131
101,2026,cum3,아침,0,5,31,1.37357,-0.40799,12.41785
101,2026,cum3,아침,0,6,30,2.20700,-1.64371,14.20866
101,2026,cum3,아침,0,7,30,2.15998,-0.91727,10.47254
101,2026,cum3,아침,0,8,25,2.21801,-0.32816,12.69766
101,2026,cum3,아침,0,9,15,1.73523,0.05505,10.04697
101,2026,cum3,저녁,1,0,160,1.88560,-0.59966,11.88290
101,2026,cum3,저녁,1,4,29,1.59216,-0.66321,10.61131
101,2026,cum3,저녁,1,5,31,1.33184,-0.18980,12.41785
101,2026,cum3,저녁,1,6,30,2.18561,-1.56840,14.20866
101,2026,cum3,저녁,1,7,30,2.15607,-0.93065,10.47254
101,2026,cum3,저녁,1,8,25,2.13855,0.00138,12.69766
101,2026,cum3,저녁,1,9,15,1.69857,0.27391,10.04697
101,2026,day,아침,0,0,160,0.83862,-0.21735,3.96421
101,2026,day,아침,0,4,29,0.63905,-0.24239,3.49232
101,2026,day,아침,0,5,31,0.55370,-0.15835,4.14982
101,2026,day,아침,0,6,30,0.98210,-0.55223,4.73244
101,2026,day,아침,0,7,30,1.05341,-0.14818,3.49830
101,2026,day,아침,0,8,25,0.90298,-0.07431,4.29599
101,2026,day,아침,0,9,15,0.75572,0.00212,3.33532
101,2026,day,아침,1,0,160,0.93502,-0.28486,3.95756
101,2026,day,아침,1,4,28,0.79624,-0.28938,3.49821
101,2026,day,아침,1,5,31,0.71364,-0.22150,4.14982
101,2026,day,아침,1,6,30,1.07249,-0.57248,4.73244
101,2026,day,아침,1,7,30,1.15726,-0.32310,3.43948
101,2026,day,아침,1,8,26,0.93067,-0.14346,4.25514
101,2026,day,아침,1,9,15,0.78053,-0.00069,3.38826
101,2026,day,아침,2,0,160,0.97467,-0.26285,3.96113
101,2026,day,아침,2,4,27,0.80734,-0.33788,3.50800
101,2026,day,아침,2,5,31,0.82996,-0.11814,4.14982
101,2026,day,아침,2,6,30,1.08422,-0.49362,4.73244
101,2026,day,아침,2,7,30,1.22199,-0.37984,3.45616
101,2026,day,아침,2,8,27,0.96561,-0.14337,4.25598
101,2026,day,아침,2,9,15,0.72142,0.05362,3.32339
101,2026,day,아침,3,0,160,1.02024,-0.23036,3.95897
101,2026,day,아침,3,4,26,0.93444,-0.26661,3.53022
101,2026,day,아침,3,5,31,0.78970,-0.05135,4.14982
101,2026,day,아침,3,6,30,1.02712,-0.42172,4.73244
101,2026,day,아침,3,7,30,1.33335,-0.54842,3.51344
101,2026,day,아침,3,8,28,1.00184,-0.03608,4.16909
101,2026,day,아침,3,9,15,0.87257,0.11873,3.25955
101,2026,day,저녁,1,0,160,0.82260,-0.14607,3.96421
101,2026,day,저녁,1,4,29,0.62843,-0.16583,3.49232
101,2026,day,저녁,1,5,31,0.54463,-0.09010,4.14982
101,2026,day,저녁,1,6,30,0.96533,-0.49745,4.73244
101,2026,day,저녁,1,7,30,1.03072,-0.08290,3.49830
101,2026,day,저녁,1,8,25,0.88443,0.01441,4.29599
101,2026,day,저녁,1,9,15,0.74102,0.08546,3.33532
101,2026,day,저녁,2,0,160,0.91994,-0.21492,3.95756
101,2026,day,저녁,2,4,28,0.79132,-0.22289,3.49821
101,2026,day,저녁,2,5,31,0.70155,-0.13355,4.14982
101,2026,day,저녁,2,6,30,1.06586,-0.54640,4.73244
101,2026,day,저녁,2,7,30,1.12118,-0.29417,3.43948
101,2026,day,저녁,2,8,26,0.91243,0.00020,4.25514
101,2026,day,저녁,2,9,15,0.78217,0.08035,3.38826
101,2026,day,저녁,3,0,160,0.97728,-0.23867,3.96113
101,2026,day,저녁,3,4,27,0.76563,-0.26216,3.50800
101,2026,day,저녁,3,5,31,0.82009,-0.05155,4.14982
101,2026,day,저녁,3,6,30,1.09147,-0.49593,4.73244
101,2026,day,저녁,3,7,30,1.27862,-0.49213,3.45616
101,2026,day,저녁,3,8,27,0.94099,-0.05519,4.25598
101,2026,day,저녁,3,9,15,0.70443,0.10810,3.32339
101,2026,day,저녁,4,0,160,1.02808,-0.18035,3.95897
101,2026,day,저녁,4,4,26,0.92204,-0.17915,3.53022
101,2026,day,저녁,4,5,31,0.79668,0.02680,4.14982
101,2026,day,저녁,4,6,30,1.00718,-0.36931,4.73244
101,2026,day,저녁,4,7,30,1.38592,-0.62765,3.51344
101,2026,day,저녁,4,8,28,0.98693,0.04555,4.16909
101,2026,day,저녁,4,9,15,0.89457,0.24027,3.25955
